<?xml version="1.0" encoding="utf-8"?>
<extension type="module" version="3.0" client="site" method="upgrade">
    <name>MOD_EVRAZIA</name>
    <author>Vlad Kislyuk</author>
    <creationDate>June 2016</creationDate>
    <license>GNU General Public License version 2 or later</license>
    <authorEmail>joe_joe_barabanshi@mail.ru</authorEmail>
    <authorUrl>https://github.com/villijoe</authorUrl>
    <version>1.0</version>
    <description>MOD_EVRAZIA_DESCRIPTION</description>

    <files>
        <filename>mod_evrazia.xml</filename>
        <filename module="mod_evrazia">mod_evrazia.php</filename>
        <filename>index.html</filename>
        <filename>helper.php</filename>
        <folder>tmpl</folder>
        <folder>language</folder>
        <folder>sql</folder>
    </files>

    <languages folder="language">
        <language tag="ru-RU">ru-RU/ru-RU.mod_evrazia.ini</language>
        <language tag="ru-RU">ru-RU/ru-RU.mod_evrazia.sys.ini</language>
    </languages>

    <config>
        <fields name="params">
            <fieldset name="basic">
            </fieldset>
        </fields>
    </config>

    <install>
        <sql>
            <file driver="mysql" charset="utf8">sql/install.mysql.utf8.sql</file>
        </sql>
    </install>

    <uninstall>
        <sql>
            <file driver="mysql" charset="utf8">sql/uninstall.mysql.utf8.sql</file>
        </sql>
    </uninstall>



</extension>